YEAR,STATE,ABBREV,CODE,ELECTORS,BALLOTS,ABSTAIN,BLANK,INVALID,VALID,PT,PMDB,PSDB,PFL,PP,PPrB,PPoB,PPR,PSB,PDT,PTB,PL,PPS,PV,PCdoB,PSC,PSOL,PRONA,PMN,PTC,PHS,PSDC,PSD,PTdoB,PAN,PRB,PSocL,PSolL,PRepP,PRenP,PRTB,PTraN,PTanN,PSTU,PCB,PCO,DEM,PR,PST  ,PSD  ,PGT  ,PSN  ,PRN  ,PDS ,PDC ,PTR ,PRS ,PCN ,PAS ,PD ,PLH ,PNT ,PSU ,PAP ,PS ,PEB ,PBM ,PMB,PH,PMC,PASART,PND,PRT,PNR,PJ,PN,PDI,PEN,PPL,PROS,PRP,PSL,PTN,SD
2014,Rondônia ,RO,11,1126502,885929,240573,56649,30805,798475,90970,207478,72551,,26938,,,,7718,91644,85372,,480,9485,9550,25938,6830,,997,1835,614,10065,20167,6130,,8890,,,,,280,,,244,,,10489,44869,,,,,,,,,,,,,,,,,,,,,,,,,,,,,,1663,,28119,1157,846,598,26558
2014,Acre ,AC,12,506520,418772,87748,11851,7720,399201,97639,39751,36868,,31228,,,,27939,13026,4257,,3725,4358,18109,12321,637,,1346,94,6160,3632,19289,1555,,18505,,,,,,,,,,,23727,13953,,,,,,,,,,,,,,,,,,,,,,,,,,,,,,310,693,2134,11963,118,848,5016
2014,Amazonas ,AM,13,2225630,1791817,433813,89383,44027,1658407,78725,208803,258835,,75554,,,,62455,9622,72047,,115373,2793,61162,2759,5560,,3835,12026,19680,1006,329925,289,,49644,,,,,91,,,1656,1258,,107209,123448,,,,,,,,,,,,,,,,,,,,,,,,,,,,,,644,656,11656,13777,3402,23579,938
2014,Roraima ,RR,14,299411,262194,37217,8145,15950,238099,10668,16096,39097,,18691,,,,8137,18733,1076,,793,4918,1084,13784,498,,11978,590,6868,4163,5239,1917,,28119,,,,,4508,,,152,,,596,20684,,,,,,,,,,,,,,,,,,,,,,,,,,,,,,6688,1140,10473,1009,148,103,149
2014,Pará ,PA,15,5185950,4091840,1094110,214643,121148,3756049,589532,466727,480456,,83346,,,,87585,126457,132205,,88357,8749,20949,106752,222900,,8233,3387,5491,,419372,14940,,108646,,,,,404,,,8867,1031,,235185,153596,,,,,,,,,,,,,,,,,,,,,,,,,,,,,,8113,4849,113028,7538,9249,1427,238678
2014,Amapá ,AP,16,455368,407846,47522,11056,10706,386084,41218,39944,10738,,21439,,,,23587,34799,14616,,4137,9123,11358,25501,7909,,82,1710,667,17004,15627,11171,,14584,,,,,6445,,,2173,,,6733,20278,,,,,,,,,,,,,,,,,,,,,,,,,,,,,,1736,8056,20482,5130,,,9837
2014,Tocantins ,TO,17,996379,801084,195295,38622,29237,733225,18278,231191,4369,,82692,,,,59772,2400,1471,,1560,23761,308,30348,1770,,1399,226,8462,1298,66161,244,,47068,,,,,1161,,,,815,,81458,35864,,,,,,,,,,,,,,,,,,,,,,,,,,,,,,620,169,2308,1500,2414,556,23582
2014,Maranhão ,MA,21,4495864,3433672,1062192,202315,157036,3074321,181248,475676,82420,,75936,,,,186119,227231,113253,,172782,185917,210574,27408,7501,,44459,37981,15424,97831,92596,100408,,148761,,,,,13953,,,9428,3637,,7575,74650,,,,,,,,,,,,,,,,,,,,,,,,,,,,,,132982,5969,5167,93090,155329,3429,85587
2014,Piauí ,PI,22,2344476,1901414,443062,95755,72225,1733434,321864,199085,12623,,127721,,,,338209,99633,208861,,4370,6149,72131,1985,4431,,1237,3157,10243,895,164819,1504,,25906,,,,,,,,3492,1066,,1898,76776,,,,,,,,,,,,,,,,,,,,,,,,,,,,,,2088,2812,2663,5465,499,577,31275
2014,Ceará ,CE,23,6268909,5007565,1261344,397908,242637,4367020,703532,655297,196987,,101611,,,,48274,145772,89655,,159098,53727,142236,11542,36747,,16242,21830,118789,17190,26981,55900,,129343,,,,,7437,,,11804,5852,,290261,279982,,,,,,,,,,,,,,,,,,,,,,,,,,,,,,11588,6427,614852,7739,148005,23656,228664
2014,Rio Grande do Norte ,RN,24,2326583,1935105,391478,165088,189146,1580871,136613,240150,90653,,76144,,,,68724,51497,3326,,3579,6700,9118,5504,12321,,73531,4527,25781,11906,190891,744,,65708,,,,,1340,,,12551,,,120540,137263,,,,,,,,,,,,,,,,,,,,,,,,,,,,,,9081,,186728,3228,7619,1940,23164
2014,Paraíba ,PB,25,2834782,2334522,500260,245880,151823,1936819,132973,441731,241038,,175699,,,,106305,84758,116547,,4846,4545,4808,64018,60910,,4773,792,6680,942,88719,15536,,36892,,,,,9834,,,,,851,107618,107525,,,,,,,,,,,,,,,,,,,,,,,,,,,,,,4498,2706,7391,4197,7641,27567,64479
2014,Pernambuco ,PE,26,6353859,5304380,1049479,565036,256117,4483227,384699,236048,413047,,383674,,,,1238051,138156,465366,,40376,23681,129290,107856,17987,,8064,1445,80710,10189,104370,3930,,75133,,,,,18614,,,5436,7321,,92547,281583,,,,,,,,,,,,,,,,,,,,,,,,,,,,,,742,8175,7553,24617,97144,6556,70867
2014,Alagoas ,AL,27,1995153,1612496,382657,139167,88745,1384584,64621,189044,202250,,132864,,,,5935,95519,28291,,26139,2208,585,2682,11681,,8657,2551,2237,2194,3681,27780,,10114,,,,,179135,,,2046,,,10199,80360,,,,,,,,,,,,,,,,,,,,,,,,,,,,,,,1746,85006,69104,553,,137402
2014,Sergipe ,SE,28,1453597,1239891,213706,106363,80702,1052826,158005,92624,47020,,4358,,,,71717,6685,133113,,7049,1969,37740,77016,8145,,3646,2235,1025,97,93455,659,,55067,,,,,3113,,,15926,1749,,55715,30689,,,,,,,,,,,,,,,,,,,,,,,,,,,,,,3286,1077,50962,1328,1744,,85612
2014,Bahia ,BA,29,10179390,7818832,2360558,624497,547794,6646541,1393083,366891,405360,,587325,,,,262350,205969,242480,,46899,66057,288152,257158,53225,,6918,65047,0,4747,633536,12325,,270129,,,,,23392,,,9991,,,626590,242545,,,,,,,,,,,,,,,,,,,,,,,,,,,,,,77126,9849,66030,62072,22483,116601,222211
2014,Minas Gerais ,MG,31,15236578,12186182,3050396,1209613,841524,10135045,1868998,891648,1410076,,791551,,,,545854,269937,345005,,160587,161784,137066,214878,56280,,152518,81528,201122,76019,621232,417235,,222242,,,,,5127,,,18648,15552,4390,513661,343798,,,,,,,,,,,,,,,,,,,,,,,,,,,,,,19440,15855,78479,77427,84112,120020,212976
2014,Espírito Santo ,ES,32,2651621,2150248,501373,200025,155753,1794470,220112,186461,202551,,60455,,,,267008,209979,5172,,29124,78426,2268,5934,10889,,1650,6819,16982,3183,15187,3623,,82101,,,,,2774,,,522,1109,,158227,23598,,,,,,,,,,,,,,,,,,,,,,,,,,,,,,5207,1393,70668,47327,3518,1273,70930
2014,Rio de Janeiro  ,RJ,33,12134443,9693862,2440581,929016,1091408,7673438,610538,1249836,252511,,644717,,,,282876,227702,237384,,39302,70945,94924,53633,531415,,31456,28546,128780,128335,574611,77477,,391912,,,,,114802,,,13881,7305,1467,109306,1055405,,,,,,,,,,,,,,,,,,,,,,,,,,,,,,101516,5803,176910,53457,142426,14064,220196
2014,São Paulo ,SP,35,31979717,25736781,6242936,2426244,2048877,21261660,2956439,787168,4139629,,776506,,,,1192210,451466,701693,,515419,955373,213564,828477,429816,,33061,27927,167151,30083,936889,33906,,2240721,,,,,33397,,,33176,10853,5343,882582,1701667,,,,,,,,,,,,,,,,,,,,,,,,,,,,,,176184,25138,134473,85054,91971,163321,501003
2014,Paraná ,PR,41,7861171,6536251,1324920,539065,331964,5665222,677272,747306,529384,,521540,,,,354244,43432,314102,,263128,273852,116641,493575,27320,,4312,11824,94179,77145,232398,6925,,67439,,,,,3873,,,5713,4590,,106606,279572,,,,,,,,,,,,,,,,,,,,,,,,,,,,,,8195,6915,3215,7031,9792,205121,168581
2014,Santa Catarina ,SC,42,4855732,4058912,796820,399563,282814,3376535,488347,828201,276682,,375009,,,,152150,31984,5681,,82946,10435,89826,19276,38271,,6233,2215,3082,2250,558000,22688,,34498,,,,,756,,,8530,1740,,125568,151189,,,,,,,,,,,,,,,,,,,,,,,,,,,,,,892,2061,775,10785,824,3530,42111
2014,Rio Grande do Sul ,RS,43,8385229,6976843,1408386,756938,277842,5942063,1385264,981415,305961,,953534,,,,399303,507269,434855,,21341,18959,193099,31659,72383,,3507,2341,3042,494,198237,4215,,101543,,,,,4249,,,15671,2445,,154082,58324,,,,,,,,,,,,,,,,,,,,,,,,,,,,,,7716,5257,12034,3764,11633,,48467
2014,Mato Grosso do Sul ,MS,50,1817511,1444320,373191,115560,51867,1276893,319786,355077,104356,,22981,,,,83313,65677,3050,,7293,3346,2376,12494,5844,,3093,7583,8446,1782,42153,3978,,36364,,,,,796,,,1727,,,68500,37589,,,,,,,,,,,,,,,,,,,,,,,,,,,,,,944,848,16671,9965,5179,6157,39525
2014,Mato Grosso ,MT,51,2188283,1686876,501407,147354,84910,1454612,136113,126218,171389,,94179,,,,261302,88693,5296,,947,0,3508,66426,88500,,6269,5013,4078,0,153992,3229,,15527,,,,,619,,,,,,3071,90859,,,,,,,,,,,,,,,,,,,,,,,,,,,,,,6913,,109722,0,1018,213,11518
2014,Goiás ,GO,52,4329834,3514438,815396,282603,199075,3032760,280901,416210,920741,,170588,,,,34113,171024,125167,,94843,,35594,18314,5847,,,,,3434,265622,,,63516,,,,,4420,,,2104,,,28889,122335,,,,,,,,,,,,,,,,,,,,,,,,,,,,,,,2613,74601,110254,,1243,80387
2014,Distrito Federal ,DF,53,1895697,1674508,221189,128247,92198,1454063,206728,115873,166039,,13511,,,,92628,50104,24852,,61196,17204,6995,3183,19853,,30281,4888,7375,4052,94804,568,,75621,,,,,13670,,,4735,656,918,156655,47118,,,,,,,,,,,,,,,,,,,,,,,,,,,,,,79811,21047,85017,6847,1043,803,39988
2014,BRASIL ,BRASIL,BRASIL,142384189,114906580,27477609,10106586,7504050,97295944,13554166,10791949,11073631,,6429791,,,,6267878,3469168,3914193,,1955689,2004464,1913015,2520421,1745470,,467777,338117,943068,509936,5967953,828876,,4423993,,,,,454190,,,188473,66979,12969,4085487,5635519,,,,,,,,,,,,,,,,,,,,,,,,,,,,,,667983,141254,1977117,724825,808710,723182,2689701
2010,Rondônia ,RO,11,1078348,846351,231997,36806,43587,765958,118397,182554,19694,,116718,,,,65878,28332,75273,,43020,37791,5926,9975,2551,,2794,9257,4575,8984,,2946,,3628,319,,1437,,2397,790,,,,,681,22041,,,,,,,,,,,,,,,,,,,,,,,,,,,,,,,,,,,,
2010,Acre ,AC,12,470545,363570,106975,9718,7726,346126,84233,43221,67231,,34203,,,,672,3773,2607,,4540,23424,35095,17149,0,,16062,717,283,1094,,90,,2799,165,,4737,,0,146,,,,,1421,2464,,,,,,,,,,,,,,,,,,,,,,,,,,,,,,,,,,,,
2010,Amazonas ,AM,13,2028122,1621948,406174,49665,42094,1530188,176822,203941,16747,,263761,,,,71344,6601,95557,,3758,6549,88210,154960,2386,,89548,383,3039,199,,1704,,503,13483,,2473,,1629,1509,,1374,1313,,183595,138800,,,,,,,,,,,,,,,,,,,,,,,,,,,,,,,,,,,,
2010,Roraima ,RR,14,271596,233616,37980,4175,6745,222696,8119,53631,24797,,15792,,,,8308,3321,6688,,284,2802,732,8368,649,,78,50,1221,56,,,,21820,8488,,6248,,4261,657,,,,,26903,19423,,,,,,,,,,,,,,,,,,,,,,,,,,,,,,,,,,,,
2010,Pará ,PA,15,4763456,3754672,1008763,149386,182631,3422655,730094,835164,509234,,92704,,,,69926,147668,173510,,210820,32173,25456,162265,35038,,3971,949,1974,5824,,5469,,70355,,,15255,,2738,2472,,2592,,,135168,151836,,,,,,,,,,,,,,,,,,,,,,,,,,,,,,,,,,,,
2010,Amapá ,AP,16,420331,357792,62539,6815,7368,343609,60297,32527,23182,,15234,,,,36740,42888,14625,,5668,8184,14250,7187,3741,,4305,6496,608,82,,,,6389,,,504,,22235,368,,619,7594,,20093,9793,,,,,,,,,,,,,,,,,,,,,,,,,,,,,,,,,,,,
2010,Tocantins ,TO,17,947906,772644,175262,23886,20709,728049,60330,160579,58117,,44890,,,,40884,51177,6193,,52943,1302,843,11335,,,1367,,1213,739,,,,8369,638,,3728,,2858,89,,,,,82150,138305,,,,,,,,,,,,,,,,,,,,,,,,,,,,,,,,,,,,
2010,Maranhão ,MA,21,4320748,3285100,1035648,159978,81770,3043352,215321,784941,334523,,124671,,,,154851,160871,125668,,74290,220821,62552,55774,5460,,5815,113626,14716,,,87878,,133517,72241,,5331,,7177,,,6764,6537,,115120,154887,,,,,,,,,,,,,,,,,,,,,,,,,,,,,,,,,,,,
2010,Piauí ,PI,22,2261862,1813324,448538,79891,65428,1668005,300507,349854,56933,,111677,,,,164832,18846,177114,,3997,5002,100458,8079,2559,,1870,4584,1708,3472,,4014,,2450,2533,,2461,,2631,314,,2175,,,335033,4902,,,,,,,,,,,,,,,,,,,,,,,,,,,,,,,,,,,,
2010,Ceará ,CE,23,5878066,4699435,1178631,287362,166610,4245463,687255,966320,350102,,188059,,,,606762,145222,114949,,9031,26594,230094,31734,125610,,7522,7609,123565,1947,,1298,,122324,17721,,10089,,8748,17284,,5809,1973,,34011,403831,,,,,,,,,,,,,,,,,,,,,,,,,,,,,,,,,,,,
2010,Rio Grande do Norte ,RN,24,2245135,1877681,367434,140330,83976,1653375,249400,223713,122158,,4678,,,,186650,8169,3378,,51040,99141,16742,535,6585,,162182,1738,4203,2481,,,,1842,618,,2825,,2031,296,,693,3505,,274562,224210,,,,,,,,,,,,,,,,,,,,,,,,,,,,,,,,,,,,
2010,Paraíba ,PB,25,2738313,2232261,506052,186929,92595,1952737,189494,662524,270713,,93324,,,,80682,133669,63792,,10380,3686,5463,79010,5555,,5012,808,4211,,,2013,,23409,3668,,5000,,334,3487,,2438,2752,882,169062,131369,,,,,,,,,,,,,,,,,,,,,,,,,,,,,,,,,,,,
2010,Pernambuco ,PE,26,6256213,5041936,1214277,429748,161988,4450200,679581,162575,360707,,396399,,,,1092786,174191,353540,,12832,43256,134275,77335,8131,,18876,24980,72803,24514,,1622,,77293,35074,,15224,,51366,6898,,3082,3432,,334381,285047,,,,,,,,,,,,,,,,,,,,,,,,,,,,,,,,,,,,
2010,Alagoas ,AL,27,2033483,1583844,449639,105310,63185,1415349,85359,254870,263762,,102066,,,,98318,17397,292107,,3475,2555,6245,21056,14816,,55728,409,3950,908,,92358,,12513,884,,2766,,4465,1205,,,749,,19653,57735,,,,,,,,,,,,,,,,,,,,,,,,,,,,,,,,,,,,
2010,Sergipe ,SE,28,1425334,1184869,240465,91302,65078,1028489,236860,139944,15035,,6511,,,,107819,67320,4064,,26081,15841,6063,109720,1705,,3081,1097,1641,,,3985,,63495,1452,,1769,,1678,184,,4781,2269,,124641,81453,,,,,,,,,,,,,,,,,,,,,,,,,,,,,,,,,,,,
2010,Bahia ,BA,29,9544368,7486735,2057633,461490,341234,6684011,1677907,633167,413937,,609564,,,,163135,429563,190364,,61657,142387,356089,178098,17622,,49978,32033,47209,10235,,22342,,252344,8053,,75648,,3384,9536,,3646,0,,968553,327560,,,,,,,,,,,,,,,,,,,,,,,,,,,,,,,,,,,,
2010,Minas Gerais ,MG,31,14513934,11838442,2675492,889536,535571,10413335,1819658,1066139,1606882,,797270,,,,175585,486408,297387,,445628,451949,198723,223273,36288,,183811,188076,157119,34678,,223764,,101113,188413,,13519,,51842,33104,,8582,6632,1478,747812,868202,,,,,,,,,,,,,,,,,,,,,,,,,,,,,,,,,,,,
2010,Espírito Santo ,ES,32,2521991,2083045,438946,139580,57194,1886271,164128,309306,106865,,65097,,,,396397,321211,113805,,55243,53290,4217,99211,9980,,12849,1582,11159,,,477,,11221,1228,,2552,,866,458,,,,,8405,136724,,,,,,,,,,,,,,,,,,,,,,,,,,,,,,,,,,,,
2010,Rio de Janeiro  ,RJ,33,11584083,9572486,2011597,722753,839783,8009950,804050,1409589,320012,,396100,,,,483648,473202,143681,,157308,341661,278791,297028,320244,,86291,32485,80327,58502,,158069,,273437,59374,,27540,,120475,46464,,13345,6400,,419563,1202364,,,,,,,,,,,,,,,,,,,,,,,,,,,,,,,,,,,,
2010,São Paulo ,SP,35,30289723,25310267,4979456,1843840,1498984,21967443,4158508,460653,4169596,,1405043,,,,2103214,883108,676326,,725799,1716592,446087,628389,319147,,140248,126004,43753,11654,,19147,,281371,54686,,62839,,6107,53974,,23036,7773,4108,1512179,1928102,,,,,,,,,,,,,,,,,,,,,,,,,,,,,,,,,,,,
2010,Paraná ,PR,41,7597999,6347623,1250376,411429,218573,5717621,700187,987388,681350,,417418,,,,243475,167378,242509,,356437,283215,77345,715784,13233,,33486,17871,72005,16732,,3690,,71173,5887,,20252,,3358,1228,,7092,3059,,338816,237253,,,,,,,,,,,,,,,,,,,,,,,,,,,,,,,,,,,,
2010,Santa Catarina ,SC,42,4536718,3900064,636654,282998,145990,3471076,612077,867531,422979,,477786,,,,22088,97468,65976,,86895,44915,58696,13674,6750,,1913,2603,1570,465,,260,,37780,606,,3713,,999,,,4218,1169,,590610,48335,,,,,,,,,,,,,,,,,,,,,,,,,,,,,,,,,,,,
2010,Rio Grande do Sul ,RS,43,8107550,6902902,1204648,524822,212745,6165335,1533623,777321,318018,,819352,,,,344335,518921,588215,,39009,76732,561644,67495,179578,,4007,2606,2024,1009,,1182,,69209,1559,,9812,,,746,,8579,1957,,218827,19575,,,,,,,,,,,,,,,,,,,,,,,,,,,,,,,,,,,,
2010,Mato Grosso do Sul ,MS,50,1700912,1392464,308448,69547,41682,1281235,296967,349572,155499,,57343,,,,43188,33135,7905,,12333,5535,1374,6967,5544,,9851,527,2503,6647,,5011,,23882,1751,,1694,,146,527,,,,,103354,149980,,,,,,,,,,,,,,,,,,,,,,,,,,,,,,,,,,,,
2010,Mato Grosso ,MT,51,2094032,1655212,438820,88033,60363,1506816,189750,154214,197465,,275155,,,,106491,42663,21049,,53810,8683,24270,769,2544,,1567,8738,32254,,,2303,,677,,,2447,,,470,,,,,94954,286543,,,,,,,,,,,,,,,,,,,,,,,,,,,,,,,,,,,,
2010,Goiás ,GO,52,4058912,3329636,729276,224110,117283,2988243,294361,554538,555461,,270300,,,,1558,201550,220500,,4526,14077,37013,10718,6209,,107037,8221,62883,209,,1821,,54069,25066,,4187,,11980,1604,,1941,0,,378452,159962,,,,,,,,,,,,,,,,,,,,,,,,,,,,,,,,,,,,
2010,Distrito Federal ,DF,53,1833942,1550765,283177,87395,57287,1406083,374806,87080,38667,,4123,,,,10776,282076,64904,,26005,41491,7283,59999,12291,,103344,2198,11896,1404,,979,,33414,2746,,1890,,4369,778,,1354,449,192,63172,168397,,,,,,,,,,,,,,,,,,,,,,,,,,,,,,,,,,,,
2010,BRASIL ,BRASIL ,BRASIL ,135523622,111038684,24484897,7506834,5218179,98313670,16508091,12712856,11479666,,7205238,,,,6880342,4946128,4141686,,2536809,3709648,2783936,3055887,1144216,,1112593,595647,764412,191835,,642422,,1760396,506653,,305940,,318074,184588,,102120,57563,6660,7301171,7359093,,,,,,,,,,,,,,,,,,,,,,,,,,,,,,,,,,,,
2006,Rondônia ,RO,11,988631,785916,202715,34347,23325,728244,136860,157969,21390,1502,25899,,,,65397,33924,44700,23893,132633,40561,5042,692,  ,1103,857,  ,1215,5275,,246,520,  ,2651,,  ,,1405,24510,,  ,  ,  ,,,,,,,,,,,,,,,,,,,,,,,,,,,,,,,,,,,,,,
2006,Acre ,AC,12,412840,334418,78422,7209,7912,319297,69643,28548,20854,1314,57914,,,,8899,19951,361,15037,33136,531,30017,  ,1905,  ,28844,  ,  ,826,,215,  ,  ,  ,,710,,195,397,,  ,  ,  ,,,,,,,,,,,,,,,,,,,,,,,,,,,,,,,,,,,,,,
2006,Amazonas ,AM,13,1781316,1464976,316270,50004,22234,1392738,157264,219012,9711,165524,238420,,,,131379,15991,108672,86268,8034,9527,97456,421,1730,66278,31867,281,19050,1831,,  ,11367,  ,1340,,3343,,1264,4891,,1085,501,231,,,,,,,,,,,,,,,,,,,,,,,,,,,,,,,,,,,,,,
2006,Roraima ,RR,14,233596,199240,34357,4665,3643,190932,5150,11732,23473,33030,16636,,,,10319,7627,11076,23534,5662,9194,1934,1063,2089,255,70,9651,2249,826,,1601,3049,1630,  ,,833,,3604,4453,,  ,  ,192,,,,,,,,,,,,,,,,,,,,,,,,,,,,,,,,,,,,,,
2006,Pará ,PA,15,4157735,3333678,824058,126509,88717,3118452,415258,900775,584831,266610,132936,,,,40183,142088,161826,70087,57065,37421,56561,100057,42124,1622,4021,20877,3072,2297,,5658,855,55403,  ,,3745,,300,4732,,6513,1535,  ,,,,,,,,,,,,,,,,,,,,,,,,,,,,,,,,,,,,,,
2006,Amapá ,AP,16,360614,309127,51487,4967,18584,285576,33824,63430,12359,19729,6656,,,,43269,30791,2513,15479,26893,2551,10717,6761,  ,666,2384,  ,  ,  ,,590,  ,  ,1597,,  ,,421,3395,,766,785,  ,,,,,,,,,,,,,,,,,,,,,,,,,,,,,,,,,,,,,,
2006,Tocantins ,TO,17,882728,722081,160646,16727,15387,689967,65461,188726,119724,133881,103692,,,,14224,16952,1264,2813,7969,8230,2605,12624,4307,1155,  ,567,478,421,,46,379,  ,371,,3222,,587,269,,  ,  ,  ,,,,,,,,,,,,,,,,,,,,,,,,,,,,,,,,,,,,,,
2006,Maranhão ,MA,21,3920608,3103527,817081,113387,111751,2878389,225493,375619,662782,225071,63071,,,,268543,318895,125565,34179,10066,165486,128418,60301,6348,4027,8106,10565,17648,4807,,6517,89484,23456,11076,,7070,,17495,1402,,6899,  ,  ,,,,,,,,,,,,,,,,,,,,,,,,,,,,,,,,,,,,,,
2006,Piauí ,PI,22,2073504,1738648,334856,72766,50795,1615087,292358,276725,230770,266505,118680,,,,75519,39669,152762,6893,4789,13027,102925,4815,4817,3924,6458,763,2043,1382,,2017,366,  ,1426,,  ,,1102,  ,,1319,1963,2070,,,,,,,,,,,,,,,,,,,,,,,,,,,,,,,,,,,,,,
2006,Ceará ,CE,23,5361581,4429568,932013,190408,114853,4124307,407371,907666,869387,62611,121729,,,,870862,129910,133787,146120,18808,70068,184662,1527,89988,7239,8521,3462,23397,8131,,579,6174,  ,21329,,12027,,384,11022,,2490,2598,2458,,,,,,,,,,,,,,,,,,,,,,,,,,,,,,,,,,,,,,
2006,Rio Grande do Norte ,RN,24,2101144,1789912,311232,105059,60966,1623887,150605,252458,18310,220381,101252,,,,340834,23168,6380,199497,5757,32379,30522,  ,7089,  ,203807,5759,4151,3289,,295,789,  ,1886,,4569,,1414,205,,2299,6792,  ,,,,,,,,,,,,,,,,,,,,,,,,,,,,,,,,,,,,,,
2006,Paraíba ,PB,25,2573766,2154153,419613,141003,76408,1936742,126549,514389,388192,178199,63126,,,,207433,83496,29581,253154,42377,5038,9680,2518,6899,892,2067,657,2562,847,,645,  ,4897,1742,,5766,,1104,356,,2206,  ,2370,,,,,,,,,,,,,,,,,,,,,,,,,,,,,,,,,,,,,,
2006,Pernambuco ,PE,26,5834512,4769970,1064542,427430,153267,4189273,676507,419288,255416,663806,198699,,,,521886,130178,511870,215316,158374,13590,115852,75448,14206,34453,70613,6325,37664,7412,,12075,12427,8296,5327,,10832,,3686,2104,,3595,3315,713,,,,,,,,,,,,,,,,,,,,,,,,,,,,,,,,,,,,,,
2006,Alagoas ,AL,27,1859487,1513750,345737,78754,46142,1388854,49079,270628,60105,163991,112076,,,,151208,118781,106099,58471,76385,38672,1184,292,12167,28006,96555,735,6106,1406,,5338,1324,15017,  ,,3744,,8891,882,,843,869,  ,,,,,,,,,,,,,,,,,,,,,,,,,,,,,,,,,,,,,,
2006,Sergipe ,SE,28,1299785,1111558,188227,58557,45070,1007931,115515,44141,135474,248786,28517,,,,91759,14857,105061,37333,13639,2279,16360,123005,2512,316,  ,3600,1916,2099,,3607,272,  ,2101,,2971,,323,4181,,4087,3220,  ,,,,,,,,,,,,,,,,,,,,,,,,,,,,,,,,,,,,,,
2006,Bahia ,BA,29,9109353,7225104,1884249,409826,244406,6570872,1295418,374451,317195,2288295,358514,,,,253096,362376,115513,385058,134210,73262,233489,120183,19317,6341,63505,16008,9977,48981,,17239,8986,  ,13067,,22511,,10663,5245,,3108,11273,3591,,,,,,,,,,,,,,,,,,,,,,,,,,,,,,,,,,,,,,
2006,Minas Gerais ,MG,31,13679738,11232595,2447141,869467,571524,9791604,1619942,1192996,1447892,897288,434705,,,,379181,394927,200618,745282,740238,746511,119468,160607,  ,42291,157639,112861,108996,54901,,32163,17606,12122,48441,,47743,,38951,20644,,12960,  ,4631,,,,,,,,,,,,,,,,,,,,,,,,,,,,,,,,,,,,,,
2006,Espírito Santo ,ES,32,2336133,1942849,393284,121491,80847,1740511,137210,487533,213986,10811,89396,,,,153937,278450,106760,93006,29955,7900,9420,42460,17958,  ,4952,14244,7604,220,,1945,26551,1232,1652,,  ,,819,1073,,503,  ,934,,,,,,,,,,,,,,,,,,,,,,,,,,,,,,,,,,,,,,
2006,Rio de Janeiro  ,RJ,33,10891293,9255690,1635603,609138,724508,7922044,779528,1477925,574224,727003,425830,,,,367143,448332,330938,234852,350257,374226,130072,436650,217851,183876,100304,18734,92179,106355,,176022,42484,112156,25044,,54010,,59218,40115,,22341,12155,2220,,,,,,,,,,,,,,,,,,,,,,,,,,,,,,,,,,,,,,
2006,São Paulo ,SP,35,28037734,23771579,4265677,1667056,1749645,20354878,3869122,792331,4291456,1587703,1571945,,,,1154455,1037481,1082382,668164,497105,1442429,258731,476306,295933,437096,27547,527373,31474,82283,,27945,25908,  ,75132,,33478,,12110,14715,,18227,10456,5591,,,,,,,,,,,,,,,,,,,,,,,,,,,,,,,,,,,,,,
2006,Paraná ,PR,41,7121257,5967396,1153861,389191,229246,5348959,737134,1244419,712088,563986,380327,,,,33356,264922,162684,246682,620025,131560,64063,16262,14546,20803,23388,34013,21027,12641,,5976,1134,6492,15529,,  ,,5809,2927,,2578,3761,827,,,,,,,,,,,,,,,,,,,,,,,,,,,,,,,,,,,,,,
2006,Santa Catarina ,SC,42,4168495,3588173,580322,227534,140893,3219746,571915,845393,306980,480792,505558,,,,85177,101512,58027,71870,115086,16763,29341,  ,15242,1873,  ,3478,  ,1491,,  ,  ,2277,  ,,  ,,  ,1870,,3112,1989,  ,,,,,,,,,,,,,,,,,,,,,,,,,,,,,,,,,,,,,,
2006,Rio Grande do Sul ,RS,43,7750583,6676828,1073755,502785,219807,5954236,1126732,1003683,498870,264453,868908,,,,283503,562076,523705,60714,91321,74934,281475,26489,226155,17090,3697,1933,20595,1738,,1971,4213,  ,1729,,  ,,379,  ,,3728,1979,2166,,,,,,,,,,,,,,,,,,,,,,,,,,,,,,,,,,,,,,
2006,Mato Grosso do Sul ,MS,50,1561181,1288948,272233,54257,35981,1198710,301633,326573,98769,38974,60967,,,,18863,194806,3244,3066,83104,5114,1944,11981,6380,10504,15513,2075,2702,  ,,1662,6146,  ,  ,,1167,,1697,686,,1140,  ,  ,,,,,,,,,,,,,,,,,,,,,,,,,,,,,,,,,,,,,,
2006,Mato Grosso ,MT,51,1940270,1549616,390654,77009,37312,1435295,178967,150092,189747,132486,241329,,,,53584,20436,27768,105073,271406,26452,3429,5176,3718,464,1612,940,1692,292,,3989,665,  ,4359,,9621,,1604,164,,230,  ,  ,,,,,,,,,,,,,,,,,,,,,,,,,,,,,,,,,,,,,,
2006,Goiás ,GO,52,3734185,3094151,640034,155086,97900,2841165,225036,763360,569137,237993,328069,,,,48155,42621,203418,237953,14562,11595,32076,55148,30219,5877,2924,11335,5008,2407,,2583,3642,  ,  ,,4509,,463,1186,,858,1031,  ,,,,,,,,,,,,,,,,,,,,,,,,,,,,,,,,,,,,,,
2006,Distrito Federal ,DF,53,1655050,1425300,229750,60949,47360,1316991,220285,290655,55951,301584,6100,,,,58448,19800,81169,40478,81606,8619,24880,5356,53430,31343,8565,426,12214,2059,,909,341,1081,7683,,1626,,75,255,,420,544,1089,,,,,,,,,,,,,,,,,,,,,,,,,,,,,,,,,,,,,,
2006,BRASIL ,BRASIL ,BRASIL ,125827119,104778751,21047819,6575581,5018483,93185450,13989859,13580517,12689073,10182308,6660951,,,,5730612,4854017,4397743,4080272,3630462,3367919,1982323,1746142,1096930,907494,873816,806662,435019,354217,,311833,264682,244059,243482,,233497,,173963,151679,,101307,64766,29083,,,,,,,,,,,,,,,,,,,,,,,,,,,,,,,,,,,,,,
2002,Rondônia ,RO,11,882545,693449,189096,21295,13323,658831,105978,152861,78885,71171,,71096,,,8821,21264,43814,28557,39049,10610,2421,  ,,882,2917,1177,3975,151,,  ,726,,3837,,802,,3294,288,,  ,  ,  ,,,  ,5245,1010,,,,,,,,,,,,,,,,,,,,,,,,,,,,,,,,,
2002,Acre ,AC,12,369786,290431,79355,4467,7406,278558,70755,29489,11992,7062,,41059,,,19876,4570,11871,4422,33863,7497,22835,276,,  ,9911,  ,  ,767,,106,  ,,528,,  ,,  ,  ,,  ,  ,  ,,,1679,  ,  ,,,,,,,,,,,,,,,,,,,,,,,,,,,,,,,,,
2002,Amazonas ,AM,13,1524727,1192268,332459,26738,16638,1148892,22532,13314,11559,369717,,3430,,,4342,11456,114519,257729,9475,1923,200850,24367,,1998,2053,2143,1297,2420,,10741,1755,,59992,,1512,,8241,274,,1609,1106,  ,,,7742,  ,796,,,,,,,,,,,,,,,,,,,,,,,,,,,,,,,,,
2002,Roraima ,RR,14,208524,175210,33314,3315,2923,168972,3302,4105,1134,53770,,18518,,,1416,16365,10278,18474,6456,  ,2380,40,,  ,521,49,210,8357,,  ,181,,717,,3171,,1238,296,,  ,  ,360,,,16097,310,1227,,,,,,,,,,,,,,,,,,,,,,,,,,,,,,,,,
2002,Pará ,PA,15,3569333,2776988,792345,67353,48184,2661234,398321,764437,524855,109948,,201391,,,37392,181196,170557,127862,20847,22349,53433,4807,,1531,1307,792,4549,94,,437,  ,,1366,,5538,,1378,480,,3787,1750,  ,,,3611,15759,1460,,,,,,,,,,,,,,,,,,,,,,,,,,,,,,,,,
2002,Amapá ,AP,16,290101,247841,42260,3251,8055,236535,28065,17233,18493,4440,,25392,,,41414,42258,12174,21425,2277,2953,421,249,,41,391,  ,402,  ,,235,377,,7462,,346,,1027,  ,,787,212,  ,,,190,8271,  ,,,,,,,,,,,,,,,,,,,,,,,,,,,,,,,,,
2002,Tocantins ,TO,17,785397,623575,161822,15167,18440,589968,47552,89727,149073,176391,,49532,,,1810,9023,13694,  ,7186,  ,84,534,,161,428,346,372,2162,,76,740,,845,,1162,,716,  ,,  ,  ,  ,,,1374,36907,73,,,,,,,,,,,,,,,,,,,,,,,,,,,,,,,,,
2002,Maranhão ,MA,21,3391814,2579137,812677,86633,64576,2427031,161908,342786,307370,739806,,128474,,,149541,266405,34013,81972,67253,10203,4780,3082,,  ,5279,1562,7164,3071,,6776,43093,,933,,4132,,17917,5336,,4142,  ,  ,,,3107,18660,8266,,,,,,,,,,,,,,,,,,,,,,,,,,,,,,,,,
2002,Piauí ,PI,22,1848292,1556633,291659,45730,38742,1472161,243533,276978,284489,456005,,43063,,,7130,31456,6012,7614,9889,2294,77709,1399,,  ,1720,2001,2280,1043,,131,505,,  ,,4879,,2806,389,,797,5870,  ,,,366,1683,120,,,,,,,,,,,,,,,,,,,,,,,,,,,,,,,,,
2002,Ceará ,CE,23,4805259,3860129,945130,126726,105072,3628331,327646,697637,1142162,427039,,123392,,,84702,79137,15985,151584,197640,4378,329150,3370,,  ,6370,  ,  ,5139,,1800,4310,,3394,,  ,,1539,1408,,2849,1804,  ,,,5825,8435,1636,,,,,,,,,,,,,,,,,,,,,,,,,,,,,,,,,
2002,Rio Grande do Norte ,RN,24,1917382,1579863,337519,76658,42561,1460644,241583,404415,14359,287980,,154859,,,18081,73754,206020,7610,9686,3588,7859,1765,,  ,3057,  ,2665,  ,,1597,  ,,600,,4758,,  ,2699,,2405,4094,  ,,,3898,2460,852,,,,,,,,,,,,,,,,,,,,,,,,,,,,,,,,,
2002,Paraíba ,PB,25,2322068,1905507,416561,120173,62238,1723096,173674,361430,385278,196780,,87548,,,21682,79158,194580,77458,13660,7577,10827,1655,,  ,1351,2676,1299,1526,,2083,1089,,2624,,20101,,157,425,,  ,  ,1001,,,773,75276,1408,,,,,,,,,,,,,,,,,,,,,,,,,,,,,,,,,
2002,Pernambuco ,PE,26,5396667,4246223,1150444,309480,123816,3812927,499231,574772,560227,624256,,251782,,,650335,75050,21055,171850,147227,27581,75671,11147,,  ,6188,3148,8100,17750,,694,5812,,25731,,9763,,4763,2989,,4058,4689,1907,,,12667,12951,1533,,,,,,,,,,,,,,,,,,,,,,,,,,,,,,,,,
2002,Alagoas ,AL,27,1600092,1261490,338602,52059,43823,1165608,48378,114619,94736,126989,,50339,,,202556,22886,235003,93276,42274,1074,11145,404,,37651,3300,1581,2660,216,,4003,767,,2726,,2758,,62381,1112,,1699,  ,  ,,,556,  ,519,,,,,,,,,,,,,,,,,,,,,,,,,,,,,,,,,
2002,Sergipe ,SE,28,1147933,949192,198741,49552,32967,866673,121825,57961,117325,143763,,44333,,,90107,14305,2916,55631,45218,5876,23435,3448,,  ,68689,5738,553,  ,,23415,2478,,  ,,  ,,5341,3014,,1704,1552,  ,,,1181,1018,25847,,,,,,,,,,,,,,,,,,,,,,,,,,,,,,,,,
2002,Bahia ,BA,29,8568602,6399819,2168783,246988,196191,5956123,1147520,500418,358734,2488818,,252602,,,134932,157440,203170,150884,90584,61605,229942,8030,,  ,23148,10485,8140,32406,,5922,26058,,  ,,8625,,5661,4174,,6004,  ,4636,,,21070,12954,2161,,,,,,,,,,,,,,,,,,,,,,,,,,,,,,,,,
2002,Minas Gerais ,MG,31,12680584,10514090,2166494,554421,353852,9605817,2186203,1144079,1417969,1116906,,636387,,,327570,405556,377075,507661,436792,125199,81351,12590,,  ,27941,7153,60923,10393,,2108,7746,,131379,,17422,,92283,11102,,17575,  ,5522,,,286804,138645,13483,,,,,,,,,,,,,,,,,,,,,,,,,,,,,,,,,
2002,Espírito Santo ,ES,32,2146425,1768049,378376,78218,36990,1652841,181075,222245,230950,135564,,197237,,,129536,186689,158355,50232,8900,6033,16216,65731,,933,39481,1873,771,156,,210,2567,,3571,,2013,,3155,1710,,  ,  ,809,,,1037,1113,4679,,,,,,,,,,,,,,,,,,,,,,,,,,,,,,,,,
2002,Rio de Janeiro  ,RJ,33,10213518,8713781,1499737,352307,300293,8061181,1009114,745988,962748,801923,,870215,,,986835,538885,171108,604441,72807,204217,297159,206139,,104108,7639,20409,26049,90190,,72716,10545,,10626,,65456,,43330,11490,,18757,6721,4872,,,36169,37849,22676,,,,,,,,,,,,,,,,,,,,,,,,,,,,,,,,,
2002,São Paulo ,SP,35,25655553,21568202,4087351,1188622,758723,19620857,4931435,1189602,3483988,1371092,,932602,,,1350720,763616,905411,788151,739400,620157,245460,42829,,1635393,23826,7845,44951,13287,,20647,8265,,109923,,53488,,26589,51703,,59422,9265,7003,,,57423,33169,94195,,,,,,,,,,,,,,,,,,,,,,,,,,,,,,,,,
2002,Paraná ,PR,41,6663381,5585348,1078033,306297,132016,5147035,914275,986268,732984,363127,,477276,,,111357,491760,416489,119490,307478,31283,25262,44634,,5939,9586,1816,33468,  ,,794,2223,,5895,,19223,,14555,3226,,10514,3776,  ,,,6155,5807,2375,,,,,,,,,,,,,,,,,,,,,,,,,,,,,,,,,
2002,Santa Catarina ,SC,42,3817974,3301569,516405,157727,77442,3066400,743858,736210,177938,490936,,498538,,,7523,217253,61538,43990,31239,6460,22828,1475,,  ,6684,1090,2041,132,,151,793,,951,,  ,,1323,828,,8731,  ,  ,,,2247,978,665,,,,,,,,,,,,,,,,,,,,,,,,,,,,,,,,,
2002,Rio Grande do Sul ,RS,43,7352139,6396973,955166,348952,104424,5943597,1452497,964643,361142,159003,,1061039,,,195296,645108,530111,193676,205701,15656,56167,6164,,14401,3012,  ,59955,  ,,775,1295,,  ,,  ,,  ,3614,,8829,1933,1887,,,  ,  ,1693,,,,,,,,,,,,,,,,,,,,,,,,,,,,,,,,,
2002,Mato Grosso do Sul ,MS,50,1411773,1157515,254258,39739,22431,1095345,283428,280170,27764,100856,,50137,,,6629,80830,92478,35135,61239,553,146,187,,1116,4629,  ,9997,59,,399,  ,,35412,,3160,,216,9390,,  ,  ,438,,,9362,1320,295,,,,,,,,,,,,,,,,,,,,,,,,,,,,,,,,,
2002,Mato Grosso ,MT,51,1730022,1345163,384859,47129,28216,1269818,157066,183038,329825,165165,,169834,,,6081,15064,5411,155769,40789,1536,1839,388,,  ,21538,982,8010,775,,91,1090,,  ,,2784,,385,265,,  ,  ,  ,,,  ,844,1249,,,,,,,,,,,,,,,,,,,,,,,,,,,,,,,,,
2002,Goiás ,GO,52,3365848,2792801,573047,111277,70851,2610673,268184,563476,729321,350221,,374890,,,15932,45118,29307,9690,20118,1510,71411,56929,,  ,1268,1871,  ,1457,,12537,2020,,  ,,20378,,  ,1896,,3045,2825,194,,,24711,  ,2364,,,,,,,,,,,,,,,,,,,,,,,,,,,,,,,,,
2002,Distrito Federal ,DF,53,1518437,1284097,234340,36582,24446,1220775,325049,274110,19474,367503,,25076,,,5244,6926,9163,15676,15292,252,97052,2972,,501,641,218,5089,994,,195,2228,,  ,,499,,5797,363,,2537,366,722,,,  ,32732,4104,,,,,,,,,,,,,,,,,,,,,,,,,,,,,,,,,
2002,BRASIL ,BRASIL ,,115184176,94765343,20418833,4476856,2734639,87549923,16093987,11692011,12534774,11706231,,6840041,,,4616860,4482528,4052107,3780259,2682339,1182364,1967833,504611,,1804655,282875,74955,294920,192545,,168639,126663,,408512,,251970,,304092,118471,,159251,45963,29351,,,504044,452386,194686,,,,,,,,,,,,,,,,,,,,,,,,,,,,,,,,,
1998,Rondônia ,RO,11,836179,585629,250550,60606,65242,459781,38259,91766,85842,71203,,31322,,,  ,60501,32263,  ,  ,2346,1458,40865,,687,  ,,,  ,1705,66,  ,,  ,,379,,854,137,,  ,  ,  ,,,128,,  ,  ,  ,,,,,,,,,,,,,,,,,,,,,,,,,,,,,,,
1998,Acre ,AC,12,318955,239695,79260,15242,17938,206515,47880,29755,12017,72987,,26435,,,890,10053,238,1358,533,90,1712,  ,,931,1210,,,  ,  ,328,  ,,40,,  ,,  ,  ,,58,  ,  ,,,  ,,  ,  ,  ,,,,,,,,,,,,,,,,,,,,,,,,,,,,,,,
1998,Amazonas ,AM,13,1368084,969809,398275,60133,54316,855360,20981,9869,110628,362455,,72797,,,3568,4415,70494,72626,3445,  ,69148,  ,,1420,6013,,,  ,  ,674,  ,,46097,,  ,,  ,  ,,730,  ,  ,,,  ,,  ,  ,  ,,,,,,,,,,,,,,,,,,,,,,,,,,,,,,,
1998,Roraima ,RR,14,170620,133723,36897,3354,4097,126272,2925,14632,22632,4908,,53293,,,286,2941,14696,6844,371,  ,1380,22,,  ,22,,,  ,  ,  ,56,,  ,,641,,  ,623,,  ,  ,  ,,,  ,,  ,  ,  ,,,,,,,,,,,,,,,,,,,,,,,,,,,,,,,
1998,Pará ,PA,15,3220778,2147813,1072965,230179,195284,1722350,214324,371518,361124,290803,,122893,,,38002,120246,85289,37576,25797,635,18663,13123,,10238,3193,,,  ,3875,216,  ,,  ,,  ,,  ,  ,,4055,780,  ,,,  ,,  ,  ,  ,,,,,,,,,,,,,,,,,,,,,,,,,,,,,,,
1998,Amapá ,AP,16,213289,184348,28941,3102,3844,177402,12756,25332,25395,33186,,12069,,,21106,19946,8881,3212,1348,324,2735,1019,,95,36,,,  ,6727,26,1606,,447,,674,,  ,  ,,482,  ,  ,,,  ,,  ,  ,  ,,,,,,,,,,,,,,,,,,,,,,,,,,,,,,,
1998,Tocantins ,TO,17,624344,499100,125244,46891,39035,413174,8781,91938,49392,184797,,63012,,,4268,1173,3727,878,2110,139,27,334,,2113,  ,,,48,75,21,  ,,  ,,145,,88,54,,  ,  ,  ,,,35,,19,  ,  ,,,,,,,,,,,,,,,,,,,,,,,,,,,,,,,
1998,Maranhão ,MA,21,2987233,2061222,926011,289087,231826,1540309,75934,198664,235527,459102,,32316,,,49267,107066,2255,134979,5110,24593,3993,57344,,1414,9586,,,417,93738,3143,  ,,354,,29773,,7613,  ,,2215,2025,  ,,,1977,,  ,1667,237,,,,,,,,,,,,,,,,,,,,,,,,,,,,,,,
1998,Piauí ,PI,22,1781150,1346903,434247,183669,226106,937128,102540,265709,88174,360443,,51362,,,4990,8632,6043,1524,14665,118,8779,  ,,18067,1151,,,267,  ,617,172,,118,,2714,,  ,  ,,1043,  ,  ,,,  ,,  ,  ,  ,,,,,,,,,,,,,,,,,,,,,,,,,,,,,,,
1998,Ceará ,CE,23,4301930,3301161,1000769,335881,305610,2659670,200821,633367,1146745,93163,,100599,,,48224,30040,18551,8973,182542,1097,142402,28976,,2136,1814,,,3119,4075,  ,373,,2189,,  ,,  ,  ,,3346,1679,  ,,,  ,,  ,2166,3273,,,,,,,,,,,,,,,,,,,,,,,,,,,,,,,
1998,Rio Grande do Norte ,RN,24,1728975,1399913,329062,185305,175188,1039420,95113,394163,72655,258147,,115844,,,  ,9035,  ,54815,12773,  ,7192,  ,,3610,7632,,,  ,487,427,2548,,  ,,  ,,2078,  ,,1418,1107,  ,,,  ,,  ,317,59,,,,,,,,,,,,,,,,,,,,,,,,,,,,,,,
1998,Paraíba ,PB,25,2223259,1675708,547551,226940,261734,1187034,90692,481275,103138,244108,,59681,,,36065,66688,80745,1847,  ,1715,12803,  ,,1886,  ,,,80,  ,  ,  ,,2183,,1179,,  ,  ,,2544,  ,  ,,,  ,,  ,  ,405,,,,,,,,,,,,,,,,,,,,,,,,,,,,,,,
1998,Pernambuco ,PE,26,5119100,3809782,1309318,512747,407791,2889244,164932,457434,193482,748569,,215466,,,723394,95944,49635,4556,21734,1248,31032,46712,,8228,9028,,,857,4805,847,850,,89527,,5902,,2078,678,,4633,2146,  ,,,1482,,1420,1932,693,,,,,,,,,,,,,,,,,,,,,,,,,,,,,,,
1998,Alagoas ,AL,27,1383600,993135,390465,69792,65099,858244,54907,123223,159426,81822,,44740,,,104173,28821,57652,3530,32255,625,13621,268,,1796,70702,,,  ,66172,718,352,,  ,,2761,,229,1249,,1294,  ,  ,,,360,,225,3831,3492,,,,,,,,,,,,,,,,,,,,,,,,,,,,,,,
1998,Sergipe ,SE,28,1081138,847323,233815,122480,131629,593214,96032,103957,95048,49429,,44238,,,57910,9855,5329,1913,54346,278,3543,8344,,2399,48820,,,40,  ,126,2820,,  ,,960,,  ,1103,,3272,1349,  ,,,508,,202,1393,  ,,,,,,,,,,,,,,,,,,,,,,,,,,,,,,,
1998,Bahia ,BA,29,7932228,5406722,2525506,616061,638424,4152237,577526,339507,469736,1953763,,151929,,,53838,127999,152372,96019,45349,7859,68619,33006,,23359,3421,,,  ,  ,5140,16289,,  ,,8161,,1935,  ,,3196,4287,  ,,,812,,  ,3522,4593,,,,,,,,,,,,,,,,,,,,,,,,,,,,,,,
1998,Minas Gerais ,MG,31,11815183,9466063,2349120,1186031,1068387,7211645,828239,1194904,1758522,1075603,,613359,,,59431,291195,466072,376471,68271,12187,44263,11144,,16738,100709,,,  ,89601,5027,6509,,3412,,6350,,2702,20919,,9548,7398,4193,,,115350,,  ,18072,5456,,,,,,,,,,,,,,,,,,,,,,,,,,,,,,,
1998,Espírito Santo ,ES,32,1916884,1499177,417707,165690,122275,1211212,87555,269568,298737,141946,,59445,,,47961,35353,174251,29087,17403,936,2070,20442,,1531,5028,,,52,2312,244,411,,191,,1004,,  ,540,,  ,  ,  ,,,414,,  ,14061,670,,,,,,,,,,,,,,,,,,,,,,,,,,,,,,,
1998,Rio de Janeiro  ,RJ,33,9971830,7953832,2017998,423225,420254,7110353,664886,300084,1346487,1268329,,924850,,,310623,1022082,237502,79341,100769,63890,122007,117661,,84035,44210,,,18053,15289,159551,3060,,14915,,36874,,9379,26059,,85618,14522,  ,,,7983,,1894,17967,12433,,,,,,,,,,,,,,,,,,,,,,,,,,,,,,,
1998,São Paulo ,SP,35,23321034,19470578,3850456,1937367,1924335,15608876,2992124,1229592,3114463,1757373,,2456112,,,524527,698583,1063351,394264,216787,148459,116102,25823,,263598,31872,,,35569,118645,37454,23211,,12790,,148649,,22517,10491,,48753,9795,3612,,,32516,,23846,35355,12643,,,,,,,,,,,,,,,,,,,,,,,,,,,,,,,
1998,Paraná ,PR,41,6384210,5035883,1348327,477227,581852,3976804,375330,499579,621835,881375,,658754,,,55156,200331,484787,6537,8231,4079,30919,25295,,46798,5984,,,332,2090,774,2323,,1646,,3369,,999,1950,,  ,1357,  ,,,22266,,  ,33954,754,,,,,,,,,,,,,,,,,,,,,,,,,,,,,,,
1998,Santa Catarina ,SC,42,3516811,2944042,572769,297582,306376,2340084,289488,570516,203927,481974,,521860,,,2527,181062,24629,3466,5524,9373,31023,1803,,3909,606,,,151,  ,408,439,,1223,,  ,,536,  ,,2793,954,  ,,,272,,193,484,944,,,,,,,,,,,,,,,,,,,,,,,,,,,,,,,
1998,Rio Grande do Sul ,RS,43,6846077,5823357,1022720,561883,410443,4851031,1225668,1072002,342269,113597,,768007,,,110427,569912,525210,19319,7744,6677,26756,3216,,37669,1344,,,616,  ,  ,422,,  ,,3269,,1324,  ,,7071,1482,  ,,,1222,,  ,  ,5808,,,,,,,,,,,,,,,,,,,,,,,,,,,,,,,
1998,Mato Grosso do Sul ,MS,50,1256907,997195,259712,98828,100418,797949,146845,195461,136962,127703,,79437,,,2731,14251,50254,17939,13633,274,514,406,,2443,1481,,,  ,759,42,126,,  ,,1149,,121,542,,757,  ,  ,,,797,,26,709,2587,,,,,,,,,,,,,,,,,,,,,,,,,,,,,,,
1998,Mato Grosso ,MT,51,1516451,1076961,439490,121322,134249,821390,39422,123668,306857,138109,,10511,,,1200,6291,95194,84832,1718,2385,2177,1169,,1722,3800,,,  ,1014,  ,  ,,  ,,872,,449,  ,,  ,  ,  ,,,  ,,  ,  ,  ,,,,,,,,,,,,,,,,,,,,,,,,,,,,,,,
1998,Goiás ,GO,52,2948932,2341894,607038,250301,237197,1854396,106108,847471,235530,154166,,76966,,,6928,38335,52567,179656,5746,2360,39184,1574,,5505,  ,,,286,90134,  ,1084,,  ,,  ,,605,  ,,3499,  ,  ,,,6692,,  ,  ,  ,,,,,,,,,,,,,,,,,,,,,,,,,,,,,,,
1998,Distrito Federal ,DF,53,1267925,1071508,196417,41447,31078,998983,226460,170942,85406,116219,,185872,,,5727,13761,6209,22379,24016,1007,67171,7783,,50306,2552,,,2168,2222,796,  ,,1903,,691,,278,367,,1358,738,262,,,748,,  ,1404,238,,,,,,,,,,,,,,,,,,,,,,,,,,,,,,,
1998,BRASIL ,BRASIL ,BRASIL ,106053106,83282476,22770630,8522372,8160027,66600077,8786528,10105896,11681956,11525279,,7553169,,,2273219,3774511,3768196,1643941,872220,292694,869293,446329,,592633,360214,,,62055,503725,216645,62651,,177035,,255516,,53785,64712,,187683,49619,8067,,,193562,,27825,136834,54285,,,,,,,,,,,,,,,,,,,,,,,,,,,,,,,
1994,Rondônia ,RO,11,692067,480320,211747,83997,101645,294727,34070,18490,70182,11139,61111,,,5573,19036,14878,15448,33128,911,1427,1119,63,,1226,2290,,,,2282,  ,,,,,765,,  ,,,  ,  ,,,,,,,,1589,,,,,,,,,,,,,,,,,,,,,,,,,,,,,,,
1994,Acre ,AC,12,263162,206393,56769,34768,33881,137740,7245,53889,1782,574,7605,,,49076,207,2285,921,  ,  ,344,12905,  ,,59,  ,,,,  ,  ,,,,,  ,,  ,,,848,  ,,,,,,,,  ,,,,,,,,,,,,,,,,,,,,,,,,,,,,,,,
1994,Amazonas ,AM,13,1106006,799541,306465,109138,136585,553560,13596,165427,70600,64394,45195,,,133531,2064,15617,128,6790,39,9,31792,  ,,322,3230,,,,  ,22,,,,,  ,,  ,,,804,  ,,,,,,,,  ,,,,,,,,,,,,,,,,,,,,,,,,,,,,,,,
1994,Roraima ,RR,14,119888,93902,25967,7641,10674,75606,1082,2454,6436,7567,1763,,,10664,695,2129,35123,1530,1,438,  ,5074,,  ,22,,,,623,  ,,,,,1,,  ,,,  ,  ,,,,,,,,4,,,,,,,,,,,,,,,,,,,,,,,,,,,,,,,
1994,Pará ,PA,15,2783131,1868313,914818,386531,435726,1046066,136313,403815,32250,51109,46629,,,216289,18784,43352,51224,1823,1764,578,24743,7278,,2571,22,,,,94,  ,,,,,  ,,  ,,,4186,32,,,,,,,,3210,,,,,,,,,,,,,,,,,,,,,,,,,,,,,,,
1994,Amapá ,AP,16,197171,142626,54545,20599,23021,98953,8252,15594,1716,32870,7904,,,5578,9962,6023,4963,906,2,2,315,  ,,253,  ,,,,3793,  ,,,,,820,,  ,,,  ,  ,,,,,,,,  ,,,,,,,,,,,,,,,,,,,,,,,,,,,,,,,
1994,Tocantins ,TO,17,648073,443200,204873,76855,64456,301945,8244,84640,9041,46489,46905,,,102826,8,153,2884,  ,117,12,4,  ,,272,6,,,,344,  ,,,,,  ,,  ,,,  ,  ,,,,,,,,  ,,,,,,,,,,,,,,,,,,,,,,,,,,,,,,,
1994,Maranhão ,MA,21,2615445,1817179,798266,375678,399032,1043528,78621,250649,77336,336534,85786,,,46776,33638,76701,294,1738,776,  ,370,43005,,  ,3469,,,,1152,  ,,,,,5309,,877,,,383,  ,,,,,,,,114,,,,,,,,,,,,,,,,,,,,,,,,,,,,,,,
1994,Piauí ,PI,22,1631161,1268153,363008,239855,238200,790350,60638,139327,11925,292505,75072,,,160365,8645,2042,23093,1248,19,  ,14534,  ,,  ,937,,,,  ,  ,,,,,  ,,  ,,,  ,  ,,,,,,,,  ,,,,,,,,,,,,,,,,,,,,,,,,,,,,,,,
1994,Ceará ,CE,23,4006533,3124785,881748,569999,609986,1945365,90355,437829,910649,125587,139365,,,44311,28040,51700,3037,3561,1026,  ,91909,6502,,3311,2304,,,,2487,  ,,,,,  ,,  ,,,2463,929,,,,,,,,  ,,,,,,,,,,,,,,,,,,,,,,,,,,,,,,,
1994,Rio Grande do Norte ,RN,24,1491112,1254124,236988,248601,268901,736845,46190,166097,118941,327665,12,,,4997,8691,11592,106,41548,130,577,4982,2051,,  ,536,,,,  ,  ,,,,,  ,,  ,,,2730,  ,,,,,,,,  ,,,,,,,,,,,,,,,,,,,,,,,,,,,,,,,
1994,Paraíba ,PB,25,2091506,1619649,471857,308186,356319,955553,43490,483803,22337,184545,70,,,59471,1130,108000,33906,11791,40,7,3248,26,,  ,  ,,,,19,  ,,,,,10,,  ,,,700,  ,,,,,,,,2960,,,,,,,,,,,,,,,,,,,,,,,,,,,,,,,
1994,Pernambuco ,PE,26,4467948,3523982,943966,685139,985395,1853633,172470,42498,95162,779194,36702,,,5407,462931,91949,19494,17787,19788,179,12564,3346,,  ,55332,,,,5109,  ,,,,,254,,  ,,,1656,  ,,,,,,,,31811,,,,,,,,,,,,,,,,,,,,,,,,,,,,,,,
1994,Alagoas ,AL,27,1156990,979067,177923,206617,282427,489898,16682,93603,63485,35967,91880,,,39799,5141,1325,42086,13084,2780,  ,3831,32623,,  ,624,,,,43189,  ,,,,,953,,  ,,,1345,  ,,,,,,,,1501,,,,,,,,,,,,,,,,,,,,,,,,,,,,,,,
1994,Sergipe ,SE,28,942246,778627,163619,140356,169718,468515,33334,99232,28682,75550,25338,,,76347,1272,45072,1651,1409,213,664,7805,369,,  ,71508,,,,  ,  ,,,,,18,,  ,,,51,  ,,,,,,,,  ,,,,,,,,,,,,,,,,,,,,,,,,,,,,,,,
1994,Bahia ,BA,29,7031624,5156380,1875244,945473,1303424,2907869,240431,401763,296487,1026574,102879,,,83063,69042,172556,136721,189861,37788,377,39581,32343,,  ,46840,,,,23264,  ,,,,,  ,,  ,,,  ,  ,,,,,,,,8299,,,,,,,,,,,,,,,,,,,,,,,,,,,,,,,
1994,Minas Gerais ,MG,31,10559739,8837261,1722478,1872724,2101695,4863345,619616,968924,853258,709770,685182,,,135659,17478,173574,398126,137460,21038,3526,23968,7352,,17738,35344,,,,27178,  ,,,,,16559,,  ,,,6916,  ,,,,,,,,4679,,,,,,,,,,,,,,,,,,,,,,,,,,,,,,,
1994,Espírito Santo ,ES,32,1710729,1415810,294919,262532,328109,825236,98615,226707,141906,472,18477,,,9627,60696,134776,101877,2232,3219,  ,12966,488,,  ,9778,,,,1382,  ,,,,,1677,,  ,,,  ,  ,,,,,,,,341,,,,,,,,,,,,,,,,,,,,,,,,,,,,,,,
1994,Rio de Janeiro  ,RJ,33,9129373,7743559,1385814,1009518,2218612,4516134,473443,378616,615439,206484,381254,,,586266,118421,813331,160529,254260,71049,41847,101803,38214,,102123,11145,,,,100188,  ,,,,,27471,,  ,,,16239,  ,,,,,,,,18012,,,,,,,,,,,,,,,,,,,,,,,,,,,,,,,
1994,São Paulo ,SP,35,20774991,18413248,2361743,2206419,5553966,10653898,2203758,2200842,2228334,456019,278324,,,1029448,77413,271492,505337,716940,21715,19892,48649,5806,,171421,5051,,,,198584,  ,,,,,147801,,4869,,,20698,  ,,,,,,,,41505,,,,,,,,,,,,,,,,,,,,,,,,,,,,,,,
1994,Paraná ,PR,41,5746397,4743804,1002593,789679,1159612,2794733,349760,426616,179125,390319,485170,,,152940,6483,369746,332998,16045,4019,560,35810,8816,,11559,2015,,,,18918,  ,,,,,691,,  ,,,  ,  ,,,,,,,,3143,,,,,,,,,,,,,,,,,,,,,,,,,,,,,,,
1994,Santa Catarina ,SC,42,3157290,2740431,416859,519419,600650,1620156,154945,509651,34923,302865,  ,,,365545,2659,154708,22857,16884,14600,1506,17076,2619,,5643,622,,,,7451,  ,,,,,1467,,26,,,2247,97,,,,,,,,1765,,,,,,,,,,,,,,,,,,,,,,,,,,,,,,,
1994,Rio Grande do Sul ,RS,43,6296021,5549281,746740,916486,1153401,3479539,675911,864399,240002,84160,24560,,,669667,16195,539646,280974,25529,9385,1980,15467,1272,,16890,3369,,,,  ,  ,,,,,  ,,  ,,,4425,  ,,,,,,,,5708,,,,,,,,,,,,,,,,,,,,,,,,,,,,,,,
1994,Mato Grosso do Sul ,MS,50,1161054,947159,213895,156811,192166,598219,55985,208230,50853,99894,27421,,,317,32,61052,81992,60,83,2423,2590,1728,,2536,2924,,,,60,  ,,,,,  ,,  ,,,39,  ,,,,,,,,  ,,,,,,,,,,,,,,,,,,,,,,,,,,,,,,,
1994,Mato Grosso ,MT,51,1279042,936782,342260,165558,248910,522403,32021,74061,120303,49833,41,,,32516,34,55308,77521,75771,24,18,67,1233,,  ,1381,,,,  ,  ,,,,,  ,,  ,,,  ,  ,,,,,,,,2271,,,,,,,,,,,,,,,,,,,,,,,,,,,,,,,
1994,Goiás ,GO,52,2622097,2121879,500218,399326,473400,1249585,123088,473188,64798,78637,204546,,,165350,3989,5238,43054,13013,627,737,29819,1343,,  ,2966,,,,247,  ,,,,,1495,,  ,,,1786,  ,,,,,,,,35664,,,,,,,,,,,,,,,,,,,,,,,,,,,,,,,
1994,Distrito Federal ,DF,53,1062247,915178,147069,100885,190066,624343,181699,13207,27951,54200,190504,,,10155,1852,13044,2464,7379,46964,325,24204,4055,,9227,1838,,,,1104,  ,,,,,2668,,  ,,,707,  ,,,,,,,,30796,,,,,,,,,,,,,,,,,,,,,,,,,,,,,,,
1994,BRASIL ,BRASIL ,BRASIL ,94743043,77920633,16822391,12838790,19639977,45447744,5959854,9203551,6373903,5830916,3069695,,,4201563,974538,3237289,2378808,1591777,258117,77428,562121,205606,,345151,263553,,,,437468,22,,,,,207959,,5772,,,68223,1058,,,,,,,,193372,,,,,,,,,,,,,,,,,,,,,,,,,,,,,,,
1990,Rondônia ,RO,11,588691,429872,158819,137858,54712,237302,29833,1786,15184,11994,,,,,510,9511,78400,763,,,591,3204,,315,35651,,,,  ,  ,,,,  ,1942,,,,,,  ,,,,485,,,,34972,9596,447,2118,  ,  ,  ,  ,  ,  ,  ,  ,  ,  ,  ,,,,,,,,,,,,,,,,,
1990,Acre ,AC,12,197709,157498,40211,49978,14485,93035,7559,35586,3617,5332,,,,,  ,2921,503,1678,,,3028,  ,,312,77,,,,  ,  ,,,,  ,  ,,,,,,40,,,,  ,,,,8540,22717,161,964,  ,  ,  ,  ,  ,  ,  ,  ,  ,  ,  ,,,,,,,,,,,,,,,,,
1990,Amazonas ,AM,13,885002,670624,214378,193773,62362,414489,27866,70438,35355,94715,,,,,14589,18576,  ,7560,,,13424,2793,,11,4144,,,,1051,  ,,,,  ,1347,,,,,,1124,,,,24186,,,,5456,4586,77618,9637,  ,13,  ,  ,  ,  ,  ,  ,  ,  ,  ,,,,,,,,,,,,,,,,,
1990,Roraima ,RR,14,86226,68720,17506,11920,4602,52198,1104,1822,2922,3147,,,,,324,1421,13316,2549,,,30,3071,,  ,37,,,,253,  ,,,,  ,  ,,,,,,  ,,,,215,,,,661,14069,4244,3013,  ,  ,  ,  ,  ,  ,  ,  ,  ,  ,  ,,,,,,,,,,,,,,,,,
1990,Pará ,PA,15,2309791,1700199,609592,576127,164387,959685,80143,310252,35016,58306,,,,,12883,27006,158015,23474,,,64274,7712,,  ,1843,,,,  ,  ,,,,  ,  ,,,,,,11596,,,,11676,,,,64244,81249,9458,2538,  ,  ,  ,  ,  ,  ,  ,  ,  ,  ,  ,,,,,,,,,,,,,,,,,
1990,Amapá ,AP,16,135939,105937,30002,22185,9049,74703,7053,3772,3767,24590,,,,,2750,5302,5814,6878,,,85,8407,,979,  ,,,,137,90,,,,  ,108,,,,,,109,,,,160,,,,229,813,3597,  ,  ,  ,  ,  ,  ,63,  ,  ,  ,  ,  ,,,,,,,,,,,,,,,,,
1990,Tocantins ,TO,17,498963,372292,126671,117724,22213,232355,4772,46657,24331,14896,,,,,  ,4891,  ,500,,,  ,  ,,  ,  ,,,,  ,  ,,,,  ,  ,,,,,,  ,,,,4010,,,,25290,12165,94843,  ,  ,  ,  ,  ,  ,  ,  ,  ,  ,  ,  ,,,,,,,,,,,,,,,,,
1990,Maranhão ,MA,21,2256792,1625575,631217,665153,152565,807857,15008,62658,22388,310310,,,,,19276,56362,  ,4865,,,573,26480,,  ,1312,,,,9756,  ,,,,  ,319,,,,,,  ,,,,  ,,,,96189,44686,131942,5733,  ,  ,  ,  ,  ,  ,  ,  ,  ,  ,  ,,,,,,,,,,,,,,,,,
1990,Piauí ,PI,22,1410051,1175355,234696,320516,94595,760244,43353,102888,87219,273861,,,,,2745,6477,  ,11017,,,23779,4736,,  ,  ,,,,  ,  ,,,,  ,  ,,,,,,  ,,,,  ,,,,31520,157965,6400,8284,  ,  ,  ,  ,  ,  ,  ,  ,  ,  ,  ,,,,,,,,,,,,,,,,,
1990,Ceará ,CE,23,3491994,2896185,595809,897479,270506,1728200,57099,330140,517354,241144,,,,,73165,156544,12506,1688,,,14944,5438,,  ,  ,,,,36806,1453,,,,  ,  ,,,,,,1695,,,,  ,,,,5353,150020,119580,658,  ,2613,  ,  ,  ,  ,  ,  ,  ,  ,  ,,,,,,,,,,,,,,,,,
1990,Rio Grande do Norte ,RN,24,1331039,1141250,189789,420997,118530,601723,45295,185401,52269,159753,,,,,2037,6097,19,52,,,5983,8,,  ,  ,,,,  ,  ,,,,  ,  ,,,,,,8,,,,31845,,,,81340,11573,12964,7079,  ,  ,  ,  ,  ,  ,  ,  ,  ,  ,  ,,,,,,,,,,,,,,,,,
1990,Paraíba ,PB,25,1810996,1482449,328547,527734,151257,803458,33052,235961,18529,169468,,,,,1306,186139,4518,2391,,,4994,7573,,  ,691,,,,619,  ,,,,  ,  ,,,,,,2827,,,,2197,,,,85447,45135,1079,1532,  ,  ,  ,  ,  ,  ,  ,  ,  ,  ,  ,,,,,,,,,,,,,,,,,
1990,Pernambuco ,PE,26,3885434,3250409,635025,1085032,406465,1758912,46839,189551,22091,731860,,,,,395865,52742,17163,7915,,,5755,4510,,  ,2270,,,,3860,1118,,,,1243,  ,,,,,,106847,,,,1489,,,,128430,11241,1954,21861,  ,2479,  ,  ,  ,  ,  ,  ,1829,  ,  ,,,,,,,,,,,,,,,,,
1990,Alagoas ,AL,27,1304271,1015887,288384,350737,171200,493950,2813,18812,16210,86989,,,,,1830,29551,27221,12840,,,942,181008,,  ,  ,,,,  ,  ,,,,  ,1136,,,,,,4873,,,,  ,,,,99913,  ,7512,2300,  ,  ,  ,  ,  ,  ,  ,  ,  ,  ,  ,,,,,,,,,,,,,,,,,
1990,Sergipe ,SE,28,803041,693769,109272,213174,99511,381084,36774,53512,14626,147896,,,,,2666,7915,  ,1762,,,3042,  ,,  ,19041,,,,  ,  ,,,,  ,1724,,,,,,4501,,,,  ,,,,32636,48139,3888,2419,  ,543,  ,  ,  ,  ,  ,  ,  ,  ,  ,,,,,,,,,,,,,,,,,
1990,Bahia ,BA,29,6019317,4732158,1287159,1672329,717534,2342295,133286,487741,159987,624667,,,,,70456,219984,128979,80068,,,31698,11157,,  ,5413,,,,8710,4310,,,,5168,  ,,,,,,18229,,,,18070,,,,137500,53350,134466,9056,  ,  ,  ,  ,  ,  ,  ,  ,  ,  ,  ,,,,,,,,,,,,,,,,,
1990,Minas Gerais ,MG,31,9492555,8158802,1333753,2520444,1385599,4252759,510113,978872,379332,412374,,,,,25907,76255,285516,309322,,,20027,12287,,  ,95832,,,,  ,12074,,,,14299,4550,,,,,,28694,,,,33407,,,,500892,159386,106691,33782,243231,  ,9916,  ,  ,  ,  ,  ,  ,  ,  ,,,,,,,,,,,,,,,,,
1990,Espírito Santo ,ES,32,1423211,1233324,189887,404069,225945,603310,79145,179759,104613,81915,,,,,2486,51299,16578,27573,,,4696,2189,,  ,1624,,,,1658,15,,,,  ,  ,,,,,,3636,,,,  ,,,,14705,5922,25497,  ,  ,  ,  ,  ,  ,  ,  ,  ,  ,  ,  ,,,,,,,,,,,,,,,,,
1990,Rio de Janeiro  ,RJ,33,8277296,7456214,821082,1539754,1066565,4849895,371348,316797,139715,373437,,,,,31452,1851768,370860,232111,,,41279,26385,,9808,21168,,,,10995,34258,,,,5191,12941,,,,,,98489,,,,14044,,,,246763,263654,181964,153269,  ,15117,7654,3515,  ,8332,3912,3669,  ,  ,  ,,,,,,,,,,,,,,,,,
1990,São Paulo ,SP,35,18727014,17130890,1596124,4905821,2422709,9802360,1651532,1840721,1356049,253809,,,,,55213,315433,677929,725298,,,48874,  ,,  ,47805,,,,28947,17908,,,,  ,68614,,,,,,26394,,,,93154,,,,889655,1442157,76694,43607,  ,120173,  ,13587,8807,  ,  ,  ,  ,  ,  ,,,,,,,,,,,,,,,,,
1990,Paraná ,PR,41,5112793,4399455,713338,1333165,808164,2258126,206994,466346,281183,217850,,,,,7104,151557,125667,75804,,,3158,28725,,  ,4482,,,,5072,4494,,,,  ,  ,,,,,,5469,,,,6980,,,,594563,21367,38536,12775,  ,  ,  ,  ,  ,  ,  ,  ,  ,  ,  ,,,,,,,,,,,,,,,,,
1990,Santa Catarina ,SC,42,2769517,2484551,284966,679543,388455,1416553,107493,375691,48036,314528,,,,,  ,60686,17928,54972,,,5270,3336,,  ,3871,,,,  ,  ,,,,  ,  ,,,,,,14294,,,,  ,,,,47873,357605,2556,2414,  ,  ,  ,  ,  ,  ,  ,  ,  ,  ,  ,,,,,,,,,,,,,,,,,
1990,Rio Grande do Sul ,RS,43,5750046,5224485,525561,1614588,608526,3001371,342621,875561,82801,175081,,,,,14847,638327,131280,59301,,,23286,  ,,  ,  ,,,,  ,  ,,,,  ,  ,,,,,,10249,,,,  ,,,,49483,598534,  ,  ,  ,  ,  ,  ,  ,  ,  ,  ,  ,  ,  ,,,,,,,,,,,,,,,,,
1990,Mato Grosso do Sul ,MS,50,1024928,859505,165423,286292,92258,480955,33593,45412,32230,27055,,,,,674,16425,134000,  ,,,668,  ,,1,1670,,,,  ,  ,,,,  ,  ,,,,,,2057,,,,129707,,,,53255,3307,  ,901,  ,  ,  ,  ,  ,  ,  ,  ,  ,  ,  ,,,,,,,,,,,,,,,,,
1990,Mato Grosso ,MT,51,1089650,824350,265300,280423,100836,443091,20257,64956,1599,126420,,,,,510,59015,70127,54146,,,513,  ,,  ,645,,,,635,  ,,,,  ,  ,,,,,,646,,,,457,,,,7655,26953,7825,732,  ,  ,  ,  ,  ,  ,  ,  ,  ,  ,  ,,,,,,,,,,,,,,,,,
1990,Goiás ,GO,52,2244631,1874519,370112,617581,157384,1099554,97835,507122,39655,18981,,,,,2345,26749,75,2068,,,29129,453,,  ,  ,,,,105858,333,,,,870,15,,,,,,1998,,,,  ,,,,69978,53567,142523,  ,  ,  ,  ,  ,  ,  ,  ,  ,  ,  ,  ,,,,,,,,,,,,,,,,,
1990,Distrito Federal ,DF,53,893659,776639,117020,132141,95193,549305,135272,10439,19731,66096,,,,,15094,29125,1468,15334,,,2007,2607,,1038,2030,,,,869,2305,,,,311,1373,,,,,,44789,,,,1904,,,,44549,9440,13067,102176,  ,515,25220,  ,1269,  ,  ,  ,445,638,194,,,,,,,,,,,,,,,,,
1990,BRASIL ,BRASIL ,BRASIL ,83820556,71940913,11879643,21576537,9865607,40498769,4128052,7798653,3515809,5026474,,,,,756034,4068078,2277882,1721929,,,352049,342079,,12464,249606,,,,215226,78358,,,,27082,94069,,,,,,388564,,,,373986,,,,3357091,3609196,1205506,426848,243231,141453,42790,17102,10076,8395,3912,3669,2274,638,194,,,,,,,,,,,,,,,,,
1986,Rondônia,RO,11,447541,398097,49444,93155,31418,273524,19734,146063,,71984,,,,,7233,16921,5295,,,,968,783,,,,,,,,,,,,,,,,,,,1019,,,,,,,,,2462,362,,,,,,,,,,,,,,700,,,,,,,,,,,,,,,
1986,Acre,AC,12,141837,127907,13930,25109,7451,95347,6418,57523,,6277,,,,,,738,641,,,,,,,,,,,,,,,,,,,,,,,,,,,,,,,,,23750,,,,,,,,,,,,,,,,,,,,,,,,,,,,,,
1986,Amazonas,AM,13,651292,565283,86009,138838,38508,387937,15751,149594,,88643,,,403,,63822,50565,8419,2080,,,1119,,,,,,,,,,,,,,,,,,,,1753,,,,,,,,,2247,1016,64,,,,,,,,,,,,2378,83,,,,,,,,,,,,,,,
1986,Roraima,RR,14,52354,46227,6127,470,1952,43805,651,6013,,12042,,,,,607,1712,21013,1084,,,238,,,,,,,,,,,,,,,,,,,,,,,,,,,,,445,,,,,,,,,,,,,,,,,,,,,,,,,,,,,,
1986,Pará,PA,15,1730670,1529120,201550,464006,129104,936010,75591,581743,,103708,,,,,,10089,21141,,,,42,,,,,,,,,,,,,,,,,,,,7164,,,,,,,,,120464,,,,,,,,,,,,,,16068,,,,,,,,,,,,,,,,
1986,Amapá,AP,16,84459,76138,8321,1471,4827,69840,7590,23388,,31520,,,,,,5896,682,,,,,,,,,,,,,,,,,,,,,,,,764,,,,,,,,,,,,,,,,,,,,,,,,,,,,,,,,,,,,,,,
1986,Maranhão,MA,21,1726827,1521806,205021,446320,78785,996701,12754,304702,,495542,,,,,3191,54849,3242,3545,,,39,,,,,,,,,,,,,,,,,,,,352,,,,,,,,,115994,,,,,,,,,,,,,,2491,,,,,,,,,,,,,,,,
1986,Piauí,PI,22,1087921,1027542,60379,202255,51983,773304,16696,213733,,382812,,,,,,8967,,,,,276,,,,,,,,,,,,,,,,,,,,,,,,,,,,,150820,,,,,,,,,,,,,,,,,,,,,,,,,,,,,,
1986,Ceará,CE,23,2848935,2690314,158621,674633,137170,1878511,60507,926921,,466832,,,,,14732,125994,28272,1301,,,19745,9370,,,,,,,,,,,,,,,,,,,8927,,,,,,,,,208929,6981,,,,,,,,,,,,,,,,,,,,,,,,,,,,,
1986,Rio Grande do Norte,RN,24,1068940,1026568,42372,218769,44107,763692,6217,340069,,247103,,,,,,13320,,,,,,,,,,,,,,,,,,,,,,,,,,,,,,,,,,156322,,,,,,,,,,,,,,,661,,,,,,,,,,,,,,,
1986,Paraíba,PB,25,1464338,1384349,79989,443014,60670,880665,24519,457174,,312158,,,,,2292,2297,1831,9536,,,,,,,,,,,,,,,,,,,,,,,,,,,,,,,,70858,,,,,,,,,,,,,,,,,,,,,,,,,,,,,,
1986,Pernambuco,PE,26,3150552,2967362,183190,879274,175375,1912713,22264,879943,,795874,,,,,9732,60463,3258,8027,,,1061,24178,,,,,,,,,,,,,,,,,,,77118,,,,,,,,,6299,2458,,,,,,,,,,,,,19397,1522,,,1119,,,,,,,,,,,,
1986,Alagoas,AL,27,973747,905630,68117,334403,58948,512279,18592,236604,,188564,,,,,12694,17156,35932,1735,,,,,,,,,,,,,,,,,,,,,,,,,,,,,,,,,1002,,,,,,,,,,,,,,,,,,,,,,,,,,,,,
1986,Sergipe,SE,28,631902,606064,25838,156930,32478,416656,17136,164267,,169543,,,,,16538,10257,,13217,,,,,,,,,,,,,,,,,,,,,,,,,,,,,,,,24328,,,,,,,,,,,,,,,,,,,,,1370,,,,,,,,,
1986,Bahia,BA,29,4819792,4553623,266169,1532242,248788,2772593,68312,1505789,,867080,,,,,3508,68985,57897,,,,81694,21943,,,,,,,,,,,,,,,,,,,41491,,,,,,,,,41056,3286,,,,,,,,,,,,,6797,4755,,,,,,,,,,,,,,,
1986,Minas Gerais,MG,31,7966609,7597483,369126,2038934,444787,5113762,329764,3145123,,854873,,,,,9505,160898,136938,92441,,,7669,19865,,,,,,,,,,,,,,,,,,,33966,,,,,,,,,243658,16065,,,,,,,,,,7306,,,39710,8652,,,,,,,,7329,,,,,,,
1986,Espirito Santo,ES,32,1159546,1108293,51253,246663,55866,805764,111656,485154,,182199,,,,,3756,6562,4301,,,,,2044,,,,,,,,,,,,,,,,,,,,,,,,,,,,8899,1193,,,,,,,,,,,,,,,,,,,,,,,,,,,,,
1986,Rio de Janeiro,RJ,33,7143491,6857163,286328,1323723,385846,5147594,215572,1300634,,707194,,,4448,,129201,1253280,302473,509468,,,47890,7379,,,29776,,,,,,,,,,,2020,,,17611,,29163,,,,,,,,,163950,149763,37165,,1412,,,,,,,34878,,,24086,9453,12957,68121,18296,29387,28751,4169,9097,,,,,,,,
1986,São Paulo,SP,35,16010572,15452508,558064,2386987,1158927,11906594,1581237,5274397,,750566,,,50525,,120364,389520,1289272,628144,,,91189,106996,,,,,,,,,,,,,,,,,,,121231,,,,,,,,,1159767,100917,,,17404,,,,,,,,,,58354,94093,61550,,11068,,,,,,,,,,,,
1986,Paraná,PR,41,4316029,4113897,202132,710555,344428,3058914,110777,2091210,,470641,,,,,9378,163708,55203,16285,,,,6064,,,,,,,,,,,,,,,,,,,9378,,,,,,,,,87879,22522,,,,,,,,,,,,,,4232,8503,,652,,,2482,,,,,,,,,
1986,Santa Catarina,SC,42,2302270,2222495,79775,384186,123976,1714333,73399,831634,,316964,,,,,,38254,4256,,,,15732,,,,,,,,,,,,,,,,,,,,13657,,,,,,,,,416422,4015,,,,,,,,,,,,,,,,,,,,,,,,,,,,,
1986,Rio Grande do Sul,RS,43,4988106,4820506,167600,819810,262371,3738325,316299,1886580,,280263,,,,,30296,534604,,16238,,,27133,,,,,,,,,,,,,,,,,,,,32249,,,,,,,,,614663,,,,,,,,,,,,,,,,,,,,,,,,,,,,,,
1986,Mato Grosso do Sul,MS,50,820246,768089,52157,162930,36777,568382,15558,238865,,179623,,,,,,14608,117190,,,,1299,,,,,,,,,,,,,,,,,,,,,,,,,,,,,1239,,,,,,,,,,,,,,,,,,,,,,,,,,,,,,
1986,Mato Grosso,MT,51,826886,737508,89378,225419,39216,472873,5982,290525,,103366,,,,,1602,8120,2061,24172,,,1073,734,,,,,,,,,,,,,,,,,,,,,,,,,,,,25140,1690,,,,,,,,,,,,,8408,,,,,,,,,,,,,,,,
1986,Goiás,GO,52,2161589,2029255,132334,436566,114226,1478463,71414,941038,,131156,,,,,1586,7982,2381,2169,,,70,285,,,,,,,,,,,,,,,,,,,2360,,,,,,,,,75253,240703,,,,,,,,,,,,,,731,,,,,,,1335,,,,,,,,
1986,Distrito Federal,DF,53,732780,690364,42416,56553,41234,592577,49609,155119,,158182,,,2583,,10911,49684,8769,5697,,,,8262,,,14397,,,,,,,,,,,767,,,,,47026,,,,,,,,,10891,13048,,,2952,,,,,,,16981,,,2518,,18683,,3605,,,11027,1866,,,,,,,,
1986,BRASIL,BRASIL ,BRASIL ,69309231,65823591,3485640,14403215,4109218,47311158,3253999,22633805,,8374709,,,57959,,450948,3075429,2110467,1335139,,,297237,207903,,,44173,,,,,,,,,,,2787,,,17611,,427618,,,,,,,,,3731735,565021,37229,,21768,,,,,,,59165,,,180207,124882,101693,68121,34740,29387,28751,19048,12298,7329,,,,,,,
1982,Rondônia ,RO,11,233412,185949,47463,10820,11053,164076,5673,63517,,,,,,,,  ,  ,,,,,,,,,,,,,,,,,,,,,,,,,,,,,,,,,94886,,,,,,,,,,,,,,,,,,,,,,,,,,,,,,
1982,Acre ,AC,12,115474,86556,28918,6628,5958,73970,4524,34039,,,,,,,,  ,2569,,,,,,,,,,,,,,,,,,,,,,,,,,,,,,,,,32838,,,,,,,,,,,,,,,,,,,,,,,,,,,,,,
1982,Amazonas ,AM,13,542449,401125,141324,31295,21351,348479,4948,186134,,,,,,,,  ,3962,,,,,,,,,,,,,,,,,,,,,,,,,,,,,,,,,153435,,,,,,,,,,,,,,,,,,,,,,,,,,,,,,
1982,Roraima ,RR,14,37272,28600,8672,992,1353,26255,  ,6397,,,,,,,,348,9,,,,,,,,,,,,,,,,,,,,,,,,,,,,,,,,,19501,,,,,,,,,,,,,,,,,,,,,,,,,,,,,,
1982,Pará ,PA,15,1522999,1087757,435242,117638,67930,902189,12547,453296,,,,,,,,  ,6820,,,,,,,,,,,,,,,,,,,,,,,,,,,,,,,,,429526,,,,,,,,,,,,,,,,,,,,,,,,,,,,,,
1982,Amapá ,AP,16,70041,52374,17667,1392,2360,48622,1665,8391,,,,,,,,  ,  ,,,,,,,,,,,,,,,,,,,,,,,,,,,,,,,,,38566,,,,,,,,,,,,,,,,,,,,,,,,,,,,,,
1982,Maranhão ,MA,21,1447578,1057112,390466,122418,47558,887136,8497,170270,,,,,,,,12310,  ,,,,,,,,,,,,,,,,,,,,,,,,,,,,,,,,,696059,,,,,,,,,,,,,,,,,,,,,,,,,,,,,,
1982,Piauí ,PI,22,970888,778423,192465,83111,39815,655497,5348,246479,,,,,,,,  ,  ,,,,,,,,,,,,,,,,,,,,,,,,,,,,,,,,,403670,,,,,,,,,,,,,,,,,,,,,,,,,,,,,,
1982,Ceará ,CE,23,2498671,1956747,541924,178412,76306,1702029,8984,435541,,,,,,,,  ,  ,,,,,,,,,,,,,,,,,,,,,,,,,,,,,,,,,1257504,,,,,,,,,,,,,,,,,,,,,,,,,,,,,,
1982,Rio Grande do Norte ,RN,24,955932,748854,207078,66972,29552,652330,2882,259825,,,,,,,,  ,463,,,,,,,,,,,,,,,,,,,,,,,,,,,,,,,,,389160,,,,,,,,,,,,,,,,,,,,,,,,,,,,,,
1982,Paraíba ,PB,25,1275613,964252,311361,87205,41239,835808,3578,330676,,,,,,,,  ,  ,,,,,,,,,,,,,,,,,,,,,,,,,,,,,,,,,501554,,,,,,,,,,,,,,,,,,,,,,,,,,,,,,
1982,Pernambuco ,PE,26,2542935,1953216,589719,164974,94858,1693384,3789,753812,,,,,,,,  ,7549,,,,,,,,,,,,,,,,,,,,,,,,,,,,,,,,,928234,,,,,,,,,,,,,,,,,,,,,,,,,,,,,,
1982,Alagoas ,AL,27,734325,564062,170263,62206,36967,464889,  ,185453,,,,,,,,  ,  ,,,,,,,,,,,,,,,,,,,,,,,,,,,,,,,,,279436,,,,,,,,,,,,,,,,,,,,,,,,,,,,,,
1982,Sergipe ,SE,28,470471,383524,86947,43466,16684,323374,1283,73187,,,,,,,,1017,  ,,,,,,,,,,,,,,,,,,,,,,,,,,,,,,,,,247887,,,,,,,,,,,,,,,,,,,,,,,,,,,,,,
1982,Bahia ,BA,29,4258736,3147235,1111501,394749,179416,2573070,23719,920450,,,,,,,,  ,  ,,,,,,,,,,,,,,,,,,,,,,,,,,,,,,,,,1628901,,,,,,,,,,,,,,,,,,,,,,,,,,,,,,
1982,Minas Gerais ,MG,31,6855241,5823541,1031700,704738,235786,4883017,104694,2456638,,,,,,,,9947,  ,,,,,,,,,,,,,,,,,,,,,,,,,,,,,,,,,2311738,,,,,,,,,,,,,,,,,,,,,,,,,,,,,,
1982,Espírito Santo ,ES,32,971658,825934,145724,89639,33941,702354,9999,407776,,,,,,,,1150,  ,,,,,,,,,,,,,,,,,,,,,,,,,,,,,,,,,283429,,,,,,,,,,,,,,,,,,,,,,,,,,,,,,
1982,Rio de Janeiro ,RJ,33,6204480,5440666,763814,487662,273125,4679879,140366,1057102,,,,,,,,1581636,501027,,,,,,,,,,,,,,,,,,,,,,,,,,,,,,,,,1399748,,,,,,,,,,,,,,,,,,,,,,,,,,,,,,
1982,São Paulo ,SP,35,13144018,11597985,1546033,1368137,451625,9778223,1040595,4770049,,,,,,,,77873,1275960,,,,,,,,,,,,,,,,,,,,,,,,,,,,,,,,,2613746,,,,,,,,,,,,,,,,,,,,,,,,,,,,,,
1982,Paraná ,PR,41,4173922,3196943,976979,350567,116110,2730266,11483,1589421,,,,,,,,6294,28522,,,,,,,,,,,,,,,,,,,,,,,,,,,,,,,,,1094546,,,,,,,,,,,,,,,,,,,,,,,,,,,,,,
1982,Santa Catarina ,SC,42,2136563,1831811,304752,155782,51970,1624059,6657,787124,,,,,,,,4300,2174,,,,,,,,,,,,,,,,,,,,,,,,,,,,,,,,,823804,,,,,,,,,,,,,,,,,,,,,,,,,,,,,,
1982,Rio Grande do Sul ,RS,43,4329552,3799013,530539,505344,108598,3185071,43378,1170849,,,,,,,,693384,  ,,,,,,,,,,,,,,,,,,,,,,,,,,,,,,,,,1277460,,,,,,,,,,,,,,,,,,,,,,,,,,,,,,
1982,Mato Grosso do Sul ,MS,50,750047,553470,196577,50654,22334,480482,4194,244950,,,,,,,,4952,  ,,,,,,,,,,,,,,,,,,,,,,,,,,,,,,,,,226386,,,,,,,,,,,,,,,,,,,,,,,,,,,,,,
1982,Mato Grosso ,MT,51,580483,430310,150173,43991,25256,361063,816,168756,,,,,,,,818,  ,,,,,,,,,,,,,,,,,,,,,,,,,,,,,,,,,190673,,,,,,,,,,,,,,,,,,,,,,,,,,,,,,
1982,Goiás ,GO,52,2048618,1560420,488198,156216,54718,1349486,9100,886641,,,,,,,,694,  ,,,,,,,,,,,,,,,,,,,,,,,,,,,,,,,,,453051,,,,,,,,,,,,,,,,,,,,,,,,,,,,,,
1982,BRASIL ,BRASIL ,BRASIL ,58871378,48455879,10415499,5285008,2045863,41125008,1458719,17666773,,,,,,,,2394723,1829055,,,,,,,,,,,,,,,,,,,,,,,,,,,,,,,,,17775738,,,,,,,,,,,,,,,,,,,,,,,,,,,,,,
